<?xml version="1.0" encoding="UTF-8"?>
<shiporder orderid="12"
    xmlns:xsi="http://www.w3.org/2001/XMLSchema-instance"
    xsi:noNamespaceSchemaLocation="ejercicio4.xsd">
    <orderperson>string</orderperson>
      <shipto>
        <name>123</name>
        <address>123</address>
        <city>Sevilla</city>
        <country>Españita</country>
      </shipto>
      <item>
        <title>titi</title>
        <note>tatilikes</note>
        <quantity>5508</quantity>
        <price>-1959019.7650942</price>
      </item>
      <item>
        <title>string</title>
        <note>string</note>
        <quantity>5508</quantity>
        <price>-1959019.7650942</price>
      </item>
    </shiporder>