<?xml version="1.0" encoding="utf-8"?> 
<!DOCTYPE hechos_historicos>
<hechos_historicos>
    <hechos_historicos Descripcion="IBM da a conocer el PC"></hechos_historicos>
        <dia>12</dia>
        <mes>8</mes>
        <ano>1981</ano>
    
    <hechos_historicos Descripcion="Se funda Google"></hechos_historicos>
        <dia>4</dia>
        <mes>9</mes>
        <ano>1998</ano>
    
     <hechos_historicos Descripcion="Se funda Facebook"></hechos_historicos>
        <dia>4</dia>
        <mes>2</mes>
        <ano>2004</ano>

</hechos_historicos>